actual,0,1,2,3,4
0.0,0.119403915700212,0.003990522509041028,0.005611672278338945,0.006235191420376605,0.004052874423244794
1.0,0.009913954358398803,0.3774784885895997,0.004988153136301285,0.0030552437959845366,0.014652699837885023
2.0,0.007793989275470757,0.002556428482354408,0.1965332335702706,0.0075445816186556925,0.005985783763561541
3.0,0.005985783763561541,0.001059982541464023,0.005237560793116348,0.14328469884025438,0.006921062476618032
4.0,0.0038658186806334953,0.005674024192542711,0.004676393565282455,0.005237560793116348,0.04826038159371493
